id,first_name,last_name,age,email,gender,region
1,Cory,Cregeen,46,ccregeen0@gravatar.com,Male,obalno kraska
2,Kordula,Philippault,16,kphilippault1@rambler.ru,Female,pomurska
3,Jaimie,Buttress,50,jbuttress2@indiatimes.com,Female,koroska
4,Henrieta,Pyrke,35,hpyrke3@bloomberg.com,Female,obalno kraska
5,Justinian,McCool,29,jmccool4@jigsy.com,Male,goriska
6,Gavrielle,Shire,39,gshire5@ox.ac.uk,Female,goriska
7,Giraldo,Bodycote,28,gbodycote6@t.co,Male,zasavska
8,Bernita,Ruffles,68,bruffles7@behance.net,Female,gorenjska
9,Tuck,Klugman,20,tklugman8@imageshack.us,Agender,zasavska
10,Trent,Poure,19,tpoure9@jalbum.net,Male,koroska
11,Davon,Robecon,56,drobecona@ft.com,Male,podravska
12,Barnebas,Nudd,42,bnuddb@t.co,Male,koroska
13,Nester,Povall,18,npovallc@uol.com.br,Male,podravska
14,Wallie,MacGruer,61,wmacgruerd@people.com.cn,Male,zasavska
15,Hailee,Erbain,23,herbaine@51.la,Female,posavska
16,Jeffie,Goreway,23,jgorewayf@hao123.com,Male,jugovzhodna Slovenija
17,Sheri,Barritt,25,sbarrittg@npr.org,Female,posavska
18,Karrie,Etches,53,ketchesh@ibm.com,Female,posavska
19,Robinetta,Flowers,41,rflowersi@flickr.com,Female,podravska
20,Gertrude,Slyvester,46,gslyvesterj@printfriendly.com,Female,jugovzhodna Slovenija
21,Maribel,Manueau,19,mmanueauk@over-blog.com,Female,obalno kraska
22,Kendal,Bronot,31,kbronotl@reference.com,Male,zasavska
23,Phylys,Luckwell,46,pluckwellm@privacy.gov.au,Genderqueer,jugovzhodna Slovenija
24,Arly,Ivory,20,aivoryn@pagesperso-orange.fr,Female,koroska
25,Angel,Plumridege,20,aplumridegeo@ucla.edu,Female,jugovzhodna Slovenija
26,Claybourne,Carletti,24,ccarlettip@liveinternet.ru,Male,zasavska
27,Raymund,O'Murtagh,60,romurtaghq@nba.com,Male,koroska
28,Hunfredo,Dranfield,50,hdranfieldr@ca.gov,Male,gorenjska
29,Sly,Perrins,65,sperrinss@yelp.com,Male,savinjska
30,Estele,Oldland,30,eoldlandt@wikimedia.org,Bigender,koroska
31,Gretna,Simounet,45,gsimounetu@opensource.org,Female,savinjska
32,Jacinthe,Clementel,58,jclementelv@ucsd.edu,Female,koroska
33,Barr,Sigge,24,bsiggew@cyberchimps.com,Male,gorenjska
34,Wendall,Fremantle,21,wfremantlex@japanpost.jp,Agender,savinjska
35,Deidre,Huskisson,50,dhuskissony@icq.com,Female,jugovzhodna Slovenija
36,Kassie,Lissandre,63,klissandrez@cam.ac.uk,Female,posavska
37,Panchito,Eger,18,peger10@geocities.jp,Male,jugovzhodna Slovenija
38,Base,Fosdick,22,bfosdick11@ezinearticles.com,Male,podravska
39,Lelia,Furley,54,lfurley12@businessinsider.com,Female,savinjska
40,Trixy,Gainsburgh,24,tgainsburgh13@youtube.com,Female,pomurska
41,Gregorius,Lafuente,55,glafuente14@histats.com,Bigender,zasavska
42,Susanetta,Kettlewell,69,skettlewell15@live.com,Female,zasavska
43,Kendal,Goold,30,kgoold16@amazonaws.com,Male,osrednjeslovenska
44,Dallas,Shevlan,53,dshevlan17@wsj.com,Female,pomurska
45,Finn,Motton,57,fmotton18@hibu.com,Male,posavska
46,Robinette,Cartmell,39,rcartmell19@si.edu,Female,podravska
47,Rawley,Etty,69,retty1a@typepad.com,Male,savinjska
48,Bertine,MacGuffie,70,bmacguffie1b@nhs.uk,Female,osrednjeslovenska
49,Gaven,Faich,43,gfaich1c@blinklist.com,Male,gorenjska
50,Pip,Bargery,34,pbargery1d@ftc.gov,Male,goriska
51,Denver,Gerardot,58,dgerardot1e@huffingtonpost.com,Male,gorenjska
52,Jackquelin,Sellens,22,jsellens1f@usnews.com,Female,posavska
53,Norean,Janodet,63,njanodet1g@wsj.com,Female,podravska
54,Ripley,Monksfield,70,rmonksfield1h@blog.com,Male,goriska
55,Kaia,Jaszczak,47,kjaszczak1i@hatena.ne.jp,Female,goriska
56,Rosy,Permain,29,rpermain1j@barnesandnoble.com,Female,posavska
57,Jeanie,Verrico,48,jverrico1k@home.pl,Female,zasavska
58,Simone,Bumby,32,sbumby1l@meetup.com,Female,gorenjska
59,Rem,Aslie,24,raslie1m@mlb.com,Male,osrednjeslovenska
60,Harriette,Hateley,16,hhateley1n@lycos.com,Female,podravska
61,Quintana,Breddy,27,qbreddy1o@yolasite.com,Female,savinjska
62,Cam,Langdon,50,clangdon1p@independent.co.uk,Female,obalno kraska
63,Kenn,Manktelow,17,kmanktelow1q@mit.edu,Male,obalno kraska
64,Burr,Letessier,18,bletessier1r@answers.com,Male,koroska
65,Lenci,De Bernardis,24,ldebernardis1s@fema.gov,Male,podravska
66,Corly,Thorndale,57,cthorndale1t@paypal.com,Female,savinjska
67,Benjamin,Orris,21,borris1u@sphinn.com,Male,pomurska
68,Fanechka,Skryne,35,fskryne1v@toplist.cz,Female,pomurska
69,Desiri,Caps,27,dcaps1w@hubpages.com,Female,osrednjeslovenska
70,Janek,Khilkov,33,jkhilkov1x@altervista.org,Male,podravska
71,Rochette,Dally,27,rdally1y@linkedin.com,Female,posavska
72,Berenice,Cuttings,39,bcuttings1z@sciencedaily.com,Bigender,podravska
73,Bogart,Fairholme,48,bfairholme20@oracle.com,Male,podravska
74,Hayes,Barrett,67,hbarrett21@cornell.edu,Agender,savinjska
75,Hedi,Brewood,27,hbrewood22@storify.com,Female,osrednjeslovenska
76,Verena,Jozefowicz,23,vjozefowicz23@microsoft.com,Female,jugovzhodna Slovenija
77,Marty,Hourihan,59,mhourihan24@google.com.au,Female,koroska
78,Clayson,Stockbridge,48,cstockbridge25@paypal.com,Male,koroska
79,Chance,Climar,63,cclimar26@msn.com,Male,koroska
80,Leanora,Dalbey,70,ldalbey27@army.mil,Non-binary,obalno kraska
81,Saw,Evanson,30,sevanson28@edublogs.org,Male,podravska
82,Zorana,Sweeten,63,zsweeten29@sciencedaily.com,Female,zasavska
83,Winifield,Bacup,44,wbacup2a@wsj.com,Agender,pomurska
84,Maxwell,Beverage,57,mbeverage2b@hhs.gov,Male,gorenjska
85,Martie,Hilhouse,42,mhilhouse2c@tmall.com,Male,koroska
86,Alla,McGibbon,41,amcgibbon2d@bizjournals.com,Female,gorenjska
87,Crosby,McFie,19,cmcfie2e@ebay.co.uk,Male,podravska
88,Laurene,Kik,66,lkik2f@fastcompany.com,Female,pomurska
89,Ichabod,Mcsarry,26,imcsarry2g@t-online.de,Male,posavska
90,Stacee,Bramsom,50,sbramsom2h@wikimedia.org,Female,podravska
91,Mathias,Feehely,31,mfeehely2i@uiuc.edu,Male,zasavska
92,Brit,Saunter,70,bsaunter2j@xinhuanet.com,Female,osrednjeslovenska
93,Celinda,Pulteneye,16,cpulteneye2k@slate.com,Female,zasavska
94,Myca,Spaducci,68,mspaducci2l@hao123.com,Male,posavska
95,Silvano,Agglio,47,sagglio2m@irs.gov,Male,obalno kraska
96,Delcina,Darke,47,ddarke2n@theguardian.com,Female,pomurska
97,Crysta,Bedborough,28,cbedborough2o@comcast.net,Female,pomurska
98,Cordie,Riddiough,39,criddiough2p@e-recht24.de,Female,podravska
99,Terrell,Minchella,55,tminchella2q@liveinternet.ru,Male,goriska
100,Esme,Lightwing,21,elightwing2r@blogtalkradio.com,Genderqueer,savinjska
101,Bobine,Divina,38,bdivina2s@ezinearticles.com,Female,zasavska
102,Sylvia,Delnevo,65,sdelnevo2t@opera.com,Female,zasavska
103,Kizzee,Colpus,60,kcolpus2u@google.pl,Female,savinjska
104,Josiah,Dineen,33,jdineen2v@woothemes.com,Male,podravska
105,Isabella,Goodbar,57,igoodbar2w@t.co,Female,savinjska
106,Dre,Pancast,49,dpancast2x@psu.edu,Female,jugovzhodna Slovenija
107,Tulley,Marran,23,tmarran2y@wikispaces.com,Male,posavska
108,Aristotle,Brozek,34,abrozek2z@dion.ne.jp,Male,podravska
109,Calhoun,Corner,66,ccorner30@mapquest.com,Male,obalno kraska
110,Corene,Adamides,69,cadamides31@addthis.com,Female,osrednjeslovenska
111,Brady,Scala,52,bscala32@g.co,Male,obalno kraska
112,Rosana,Shrive,25,rshrive33@naver.com,Female,podravska
113,Ada,Bidwell,31,abidwell34@dagondesign.com,Female,zasavska
114,Roldan,Pelfer,44,rpelfer35@arizona.edu,Male,koroska
115,Dermot,Janovsky,25,djanovsky36@pinterest.com,Male,osrednjeslovenska
116,Emili,Ades,61,eades37@answers.com,Female,obalno kraska
117,Amory,Donaldson,34,adonaldson38@soup.io,Male,osrednjeslovenska
118,Joella,Montague,35,jmontague39@berkeley.edu,Female,obalno kraska
119,Ddene,Schult,63,dschult3a@ihg.com,Female,obalno kraska
120,Becky,Hamblin,22,bhamblin3b@paginegialle.it,Polygender,posavska
121,Gay,Goodlip,34,ggoodlip3c@cornell.edu,Female,gorenjska
122,Karalee,Hovell,22,khovell3d@princeton.edu,Female,goriska
123,Fulton,Snelman,22,fsnelman3e@omniture.com,Male,koroska
124,Vanna,Godding,27,vgodding3f@engadget.com,Female,podravska
125,Imojean,Ewington,25,iewington3g@hao123.com,Female,savinjska
126,Megan,Tadlow,67,mtadlow3h@123-reg.co.uk,Female,jugovzhodna Slovenija
127,Grantley,Dunge,23,gdunge3i@acquirethisname.com,Male,pomurska
128,Ervin,Spier,27,espier3j@cnet.com,Male,osrednjeslovenska
129,Amabel,Morgue,52,amorgue3k@trellian.com,Female,zasavska
130,Hakeem,Haselgrove,42,hhaselgrove3l@nba.com,Male,posavska
131,Maud,Kahen,25,mkahen3m@mysql.com,Female,jugovzhodna Slovenija
132,Bailie,Kinig,57,bkinig3n@dailymail.co.uk,Male,zasavska
133,Clemmie,Mardlin,16,cmardlin3o@newsvine.com,Female,savinjska
134,Luce,Passe,26,lpasse3p@apache.org,Female,obalno kraska
135,Paulie,Oglevie,41,poglevie3q@businesswire.com,Agender,jugovzhodna Slovenija
136,Odele,Munt,64,omunt3r@deviantart.com,Genderqueer,savinjska
137,Ab,Semour,60,asemour3s@auda.org.au,Male,posavska
138,Spike,Asel,18,sasel3t@gizmodo.com,Male,savinjska
139,Tony,Gieraths,61,tgieraths3u@wikimedia.org,Female,jugovzhodna Slovenija
140,Ingar,Drinkwater,47,idrinkwater3v@pen.io,Male,koroska
141,Gerianna,Frenzel;,17,gfrenzel3w@gov.uk,Polygender,zasavska
142,Jaynell,O'Crowley,68,jocrowley3x@amazon.co.uk,Female,koroska
143,Tammie,Lightning,21,tlightning3y@nsw.gov.au,Female,osrednjeslovenska
144,Conant,Chellingworth,40,cchellingworth3z@cnn.com,Male,savinjska
145,Deina,Behr,70,dbehr40@joomla.org,Female,goriska
146,Angil,Lacky,51,alacky41@sbwire.com,Female,jugovzhodna Slovenija
147,Tiffanie,Kench,22,tkench42@hud.gov,Female,goriska
148,Guglielma,Pulfer,50,gpulfer43@biblegateway.com,Female,obalno kraska
149,Ephraim,Jelk,31,ejelk44@google.fr,Male,pomurska
150,Kleon,Winder,35,kwinder45@arizona.edu,Male,pomurska
151,Ambrosio,McArt,70,amcart46@shinystat.com,Male,jugovzhodna Slovenija
152,Floyd,Whorlow,35,fwhorlow47@networksolutions.com,Male,jugovzhodna Slovenija
153,Casey,Kumaar,29,ckumaar48@wordpress.org,Male,podravska
154,Goldina,Blyth,36,gblyth49@twitpic.com,Female,podravska
155,Garek,Nazaret,64,gnazaret4a@e-recht24.de,Male,koroska
156,Rogers,Chominski,61,rchominski4b@ibm.com,Male,podravska
157,Kellia,Brend,65,kbrend4c@bloglines.com,Non-binary,koroska
158,Ruy,Bertlin,69,rbertlin4d@google.pl,Male,pomurska
159,Quintilla,McNysche,45,qmcnysche4e@nyu.edu,Female,goriska
160,Janot,Leads,58,jleads4f@fc2.com,Female,koroska
161,Fulton,Renshaw,41,frenshaw4g@utexas.edu,Male,gorenjska
162,Isa,Durston,64,idurston4h@nationalgeographic.com,Male,obalno kraska
163,Osborn,Nussii,67,onussii4i@bloomberg.com,Male,savinjska
164,Jenni,Roomes,38,jroomes4j@pbs.org,Female,podravska
165,Tally,Mackelworth,55,tmackelworth4k@blogger.com,Female,jugovzhodna Slovenija
166,Eula,Dielhenn,19,edielhenn4l@ucoz.com,Female,gorenjska
167,Harlene,Grindrod,70,hgrindrod4m@seattletimes.com,Female,gorenjska
168,Libbey,Lopes,25,llopes4n@cyberchimps.com,Female,podravska
169,Vinnie,Dietz,44,vdietz4o@nih.gov,Male,podravska
170,Zachariah,Vedekhin,70,zvedekhin4p@comsenz.com,Male,zasavska
171,Gerry,Snasdell,23,gsnasdell4q@merriam-webster.com,Female,obalno kraska
172,Bennett,Strasse,20,bstrasse4r@admin.ch,Male,goriska
173,Judy,Wickey,45,jwickey4s@hugedomains.com,Female,podravska
174,Nanny,Pinilla,50,npinilla4t@goo.gl,Female,obalno kraska
175,Arly,Quadrio,69,aquadrio4u@zdnet.com,Female,osrednjeslovenska
176,Iago,Rosenfrucht,40,irosenfrucht4v@clickbank.net,Male,podravska
177,Carlen,Getley,43,cgetley4w@cdbaby.com,Female,koroska
178,Horton,Ledgerton,30,hledgerton4x@icio.us,Male,obalno kraska
179,Consalve,Layzell,59,clayzell4y@sciencedaily.com,Male,zasavska
180,Bailie,Bidwell,60,bbidwell4z@yolasite.com,Male,posavska
181,Jonathon,Antoniewski,20,jantoniewski50@businessinsider.com,Non-binary,goriska
182,Oneida,Alsina,19,oalsina51@elpais.com,Female,savinjska
183,Rube,Grant,21,rgrant52@a8.net,Male,posavska
184,Reiko,Percival,17,rpercival53@columbia.edu,Genderfluid,obalno kraska
185,Joana,Lovart,62,jlovart54@newsvine.com,Female,pomurska
186,Mariette,Thomel,49,mthomel55@hostgator.com,Genderqueer,koroska
187,Melosa,Denial,30,mdenial56@sourceforge.net,Female,posavska
188,Hughie,Deakin,42,hdeakin57@last.fm,Male,posavska
189,Rudie,Cawthera,42,rcawthera58@comsenz.com,Male,posavska
190,Guillermo,Birchenough,19,gbirchenough59@discuz.net,Male,koroska
191,Brendin,Mitrovic,38,bmitrovic5a@nba.com,Male,pomurska
192,Barri,Mussington,56,bmussington5b@netscape.com,Male,koroska
193,Hagen,Crammy,63,hcrammy5c@si.edu,Male,podravska
194,Wynnie,Hamel,59,whamel5d@seattletimes.com,Polygender,zasavska
195,Gib,Durnford,43,gdurnford5e@sitemeter.com,Male,pomurska
196,Evelyn,Tuffey,45,etuffey5f@businessinsider.com,Male,savinjska
197,Malvina,Seggie,66,mseggie5g@howstuffworks.com,Female,osrednjeslovenska
198,Nels,Klagge,16,nklagge5h@cam.ac.uk,Bigender,savinjska
199,Faith,Gredden,22,fgredden5i@slideshare.net,Female,goriska
200,Vallie,Legon,38,vlegon5j@diigo.com,Female,gorenjska
201,Inge,Clyne,49,iclyne5k@admin.ch,Female,osrednjeslovenska
202,Merl,Shaw,59,mshaw5l@dyndns.org,Female,osrednjeslovenska
203,Whitaker,Lesurf,54,wlesurf5m@loc.gov,Male,osrednjeslovenska
204,Joby,Tolomei,63,jtolomei5n@behance.net,Female,gorenjska
205,Quent,O'Neill,67,qoneill5o@ow.ly,Male,posavska
206,Amalia,Hayland,32,ahayland5p@smh.com.au,Female,jugovzhodna Slovenija
207,Alanson,Lemmers,17,alemmers5q@yelp.com,Male,zasavska
208,Ginelle,Wanjek,63,gwanjek5r@cnbc.com,Female,savinjska
209,Blaire,Laurenceau,48,blaurenceau5s@samsung.com,Genderfluid,gorenjska
210,Horten,Waldera,51,hwaldera5t@disqus.com,Male,goriska
211,Ree,Pyrah,38,rpyrah5u@sfgate.com,Genderfluid,koroska
212,Merissa,Celez,56,mcelez5v@intel.com,Female,savinjska
213,Kora,McAirt,43,kmcairt5w@typepad.com,Female,osrednjeslovenska
214,Ernestus,Pavek,57,epavek5x@cisco.com,Male,zasavska
215,Elsy,Rusted,27,erusted5y@friendfeed.com,Female,gorenjska
216,Netti,Zanolli,26,nzanolli5z@toplist.cz,Female,zasavska
217,Lief,Oliveras,38,loliveras60@tinyurl.com,Male,podravska
218,Finlay,Cristofvao,41,fcristofvao61@drupal.org,Genderqueer,savinjska
219,Willie,Creavin,43,wcreavin62@amazon.com,Male,podravska
220,Lorri,Hollingsby,68,lhollingsby63@wiley.com,Polygender,koroska
221,Thurston,Gwilliam,57,tgwilliam64@fotki.com,Male,obalno kraska
222,Kyla,Lenton,43,klenton65@craigslist.org,Female,koroska
223,Ninnetta,Sirett,41,nsirett66@stumbleupon.com,Female,osrednjeslovenska
224,Quinn,Avent,52,qavent67@fotki.com,Female,obalno kraska
225,Tasha,Lissemore,50,tlissemore68@ibm.com,Female,gorenjska
226,Gabbi,Apperley,39,gapperley69@va.gov,Female,obalno kraska
227,Francine,Blumsom,21,fblumsom6a@domainmarket.com,Bigender,goriska
228,Robby,Temblett,59,rtemblett6b@delicious.com,Female,goriska
229,Kipper,Randalson,22,krandalson6c@fotki.com,Male,jugovzhodna Slovenija
230,Austin,Sollowaye,57,asollowaye6d@taobao.com,Female,koroska
231,Holmes,Rivlin,48,hrivlin6e@google.com.au,Male,gorenjska
232,Robinia,Butterley,19,rbutterley6f@microsoft.com,Female,posavska
233,Ancell,Fewless,55,afewless6g@over-blog.com,Male,podravska
234,Rhea,Drakard,39,rdrakard6h@cocolog-nifty.com,Female,jugovzhodna Slovenija
235,Dorisa,Sutherns,43,dsutherns6i@yandex.ru,Female,podravska
236,Shelley,Clouter,21,sclouter6j@jiathis.com,Male,podravska
237,Sibbie,Ruggier,52,sruggier6k@twitpic.com,Female,savinjska
238,Pegeen,Elfleet,56,pelfleet6l@scientificamerican.com,Female,posavska
239,Torey,Baiss,62,tbaiss6m@surveymonkey.com,Female,posavska
240,Jarib,Dykes,59,jdykes6n@ftc.gov,Male,savinjska
241,Ulrikaumeko,Branthwaite,20,ubranthwaite6o@virginia.edu,Female,osrednjeslovenska
242,Dalis,Muldowney,22,dmuldowney6p@google.de,Male,gorenjska
243,Elia,Keywood,27,ekeywood6q@bloomberg.com,Male,posavska
244,Archambault,Della,31,adella6r@tumblr.com,Male,jugovzhodna Slovenija
245,Jourdan,Farnall,61,jfarnall6s@xing.com,Female,obalno kraska
246,Cathi,Viccars,25,cviccars6t@shareasale.com,Female,koroska
247,Feliks,Haddeston,21,fhaddeston6u@smh.com.au,Male,zasavska
248,Evelyn,Bucham,30,ebucham6v@devhub.com,Male,podravska
249,Ellynn,Margram,30,emargram6w@ca.gov,Female,pomurska
250,Porty,Karlolczak,50,pkarlolczak6x@msn.com,Male,osrednjeslovenska
251,La verne,Moorman,42,lmoorman6y@nps.gov,Female,obalno kraska
252,Urson,Jatczak,55,ujatczak6z@prnewswire.com,Male,osrednjeslovenska
253,Harriett,Jakubovski,49,hjakubovski70@wordpress.org,Female,koroska
254,Andres,Hartgill,48,ahartgill71@gravatar.com,Male,koroska
255,Boycey,Rowlstone,67,browlstone72@answers.com,Male,gorenjska
256,Eugen,Danielsson,56,edanielsson73@huffingtonpost.com,Male,pomurska
257,Tove,Jerratsch,28,tjerratsch74@xrea.com,Female,podravska
258,Alick,Crowthe,54,acrowthe75@msn.com,Male,gorenjska
259,Dyan,Silley,51,dsilley76@disqus.com,Agender,gorenjska
260,Duffy,Seston,19,dseston77@unblog.fr,Male,obalno kraska
261,Kathryne,Cleyne,35,kcleyne78@dion.ne.jp,Female,koroska
262,Gilly,Sottell,63,gsottell79@usda.gov,Female,zasavska
263,Noach,Wolfarth,40,nwolfarth7a@a8.net,Male,pomurska
264,Holden,Lynn,33,hlynn7b@linkedin.com,Male,gorenjska
265,Alonso,Tunnick,35,atunnick7c@sbwire.com,Polygender,jugovzhodna Slovenija
266,Brendis,Branca,30,bbranca7d@theguardian.com,Male,koroska
267,Dyanna,Avory,42,davory7e@lulu.com,Female,podravska
268,Anny,Jewis,50,ajewis7f@geocities.com,Female,koroska
269,Pattin,Pedwell,24,ppedwell7g@biglobe.ne.jp,Male,osrednjeslovenska
270,Katusha,Hopfner,51,khopfner7h@naver.com,Female,koroska
271,Dusty,Redmell,59,dredmell7i@posterous.com,Female,pomurska
272,Gothart,Railton,50,grailton7j@indiegogo.com,Male,posavska
273,Vaclav,Wyndham,32,vwyndham7k@huffingtonpost.com,Male,podravska
274,Mariquilla,Guilbert,44,mguilbert7l@answers.com,Female,posavska
275,Sanders,Stallen,33,sstallen7m@discovery.com,Male,posavska
276,Reece,Ostridge,62,rostridge7n@google.es,Male,savinjska
277,Red,Geratt,54,rgeratt7o@google.es,Male,savinjska
278,Clarice,Le Hucquet,60,clehucquet7p@de.vu,Female,koroska
279,Brit,Moreinis,27,bmoreinis7q@usnews.com,Bigender,posavska
280,Dukie,MacNamara,52,dmacnamara7r@jimdo.com,Male,zasavska
281,Allyn,Imore,30,aimore7s@artisteer.com,Genderfluid,osrednjeslovenska
282,Rand,Darrigone,39,rdarrigone7t@house.gov,Male,podravska
283,Susi,Peer,19,speer7u@timesonline.co.uk,Female,zasavska
284,Hertha,Hymus,67,hhymus7v@so-net.ne.jp,Female,posavska
285,Jody,Kenningham,18,jkenningham7w@youku.com,Agender,koroska
286,Erie,Serfati,18,eserfati7x@oracle.com,Male,osrednjeslovenska
287,Lindsay,Cabrer,37,lcabrer7y@flavors.me,Male,obalno kraska
288,Larissa,Perrone,41,lperrone7z@jigsy.com,Female,posavska
289,Robby,Albrighton,68,ralbrighton80@google.es,Female,goriska
290,Annamarie,Tullis,67,atullis81@indiatimes.com,Genderfluid,gorenjska
291,Domingo,Oleszcuk,53,doleszcuk82@infoseek.co.jp,Male,koroska
292,Claude,Hatfull,65,chatfull83@t-online.de,Female,goriska
293,Hersh,McCarthy,20,hmccarthy84@soundcloud.com,Genderfluid,podravska
294,Dyanne,Rockwell,26,drockwell85@kickstarter.com,Female,obalno kraska
295,Rosabella,Valentine,47,rvalentine86@gov.uk,Female,savinjska
296,Damian,Gaiford,60,dgaiford87@earthlink.net,Non-binary,zasavska
297,Tilly,Laroze,60,tlaroze88@boston.com,Female,osrednjeslovenska
298,Norrie,Dirr,46,ndirr89@utexas.edu,Male,zasavska
299,Barth,Willans,50,bwillans8a@domainmarket.com,Male,osrednjeslovenska
300,Edgar,Deny,59,edeny8b@parallels.com,Male,gorenjska
301,Clyde,Wiskar,52,cwiskar8c@cisco.com,Male,savinjska
302,Roosevelt,Syplus,44,rsyplus8d@unicef.org,Male,podravska
303,Alvis,Baden,49,abaden8e@ox.ac.uk,Male,podravska
304,Cherin,Burland,32,cburland8f@indiegogo.com,Female,jugovzhodna Slovenija
305,Francklyn,Dahlback,16,fdahlback8g@about.com,Male,savinjska
306,Hubey,Victory,34,hvictory8h@unesco.org,Male,pomurska
307,Demetra,Hughes,24,dhughes8i@amazon.co.jp,Female,obalno kraska
308,Ceciley,Stit,58,cstit8j@dagondesign.com,Female,koroska
309,Loutitia,Stansell,40,lstansell8k@quantcast.com,Female,zasavska
310,Alex,Galgey,34,agalgey8l@php.net,Female,koroska
311,Godwin,Shankland,38,gshankland8m@google.fr,Male,gorenjska
312,Rora,Chattock,64,rchattock8n@hexun.com,Female,zasavska
313,Elberta,Lampke,27,elampke8o@yahoo.com,Genderqueer,posavska
314,Colby,Scogin,16,cscogin8p@geocities.jp,Male,savinjska
315,Nickolaus,Toffanini,30,ntoffanini8q@myspace.com,Male,zasavska
316,Quill,Vigars,25,qvigars8r@chron.com,Male,pomurska
317,Hermine,Bunstone,70,hbunstone8s@networkadvertising.org,Female,obalno kraska
318,Dav,Skrine,57,dskrine8t@soup.io,Male,osrednjeslovenska
319,Art,Ropartz,33,aropartz8u@examiner.com,Male,obalno kraska
320,Chelsae,Larret,47,clarret8v@icio.us,Female,zasavska
321,El,Gaskall,29,egaskall8w@bravesites.com,Male,savinjska
322,Cullen,Warmington,46,cwarmington8x@independent.co.uk,Male,koroska
323,Adler,McKeaveney,34,amckeaveney8y@fema.gov,Male,obalno kraska
324,Karoline,Fawcus,31,kfawcus8z@unc.edu,Female,osrednjeslovenska
325,Karen,Vasyutochkin,58,kvasyutochkin90@soup.io,Female,posavska
326,Bobette,Bratcher,55,bbratcher91@usnews.com,Female,posavska
327,Kristoffer,Sprigg,40,ksprigg92@prlog.org,Male,savinjska
328,Rutherford,Duffield,54,rduffield93@goo.gl,Male,savinjska
329,Mic,Langworthy,17,mlangworthy94@ucsd.edu,Male,podravska
330,Nikolia,Boxe,66,nboxe95@zimbio.com,Female,obalno kraska
331,Eal,Schimon,33,eschimon96@acquirethisname.com,Male,osrednjeslovenska
332,Aldrich,Yakebovitch,35,ayakebovitch97@chronoengine.com,Genderqueer,savinjska
333,Neal,Glennie,58,nglennie98@facebook.com,Male,savinjska
334,Mariellen,Charman,26,mcharman99@blogspot.com,Female,jugovzhodna Slovenija
335,Norri,Barendtsen,44,nbarendtsen9a@myspace.com,Female,zasavska
336,Giana,Lazar,59,glazar9b@google.it,Female,koroska
337,Jordan,Whitcomb,63,jwhitcomb9c@shutterfly.com,Male,koroska
338,Val,Grisard,63,vgrisard9d@purevolume.com,Female,savinjska
339,Dirk,Spilsburie,65,dspilsburie9e@cam.ac.uk,Male,obalno kraska
340,Rhodie,Luetkemeyers,68,rluetkemeyers9f@springer.com,Female,savinjska
341,Daveta,Ledram,58,dledram9g@rambler.ru,Female,koroska
342,Silvain,Burghall,36,sburghall9h@symantec.com,Male,pomurska
343,Filippo,O'Kinneally,48,fokinneally9i@moonfruit.com,Male,jugovzhodna Slovenija
344,Emmery,Cruise,36,ecruise9j@miibeian.gov.cn,Male,posavska
345,Kaine,Tewelson,48,ktewelson9k@ibm.com,Male,koroska
346,Fae,Cullivan,38,fcullivan9l@typepad.com,Female,osrednjeslovenska
347,Joletta,Deegan,25,jdeegan9m@meetup.com,Female,zasavska
348,Mirabella,Woodwind,57,mwoodwind9n@blogs.com,Female,savinjska
349,Marcel,Bannell,36,mbannell9o@huffingtonpost.com,Male,jugovzhodna Slovenija
350,Guenevere,Dudny,69,gdudny9p@scientificamerican.com,Female,koroska
351,Annelise,Leithgoe,32,aleithgoe9q@abc.net.au,Female,posavska
352,Carissa,Bessent,65,cbessent9r@hibu.com,Female,zasavska
353,Roz,Skrzynski,58,rskrzynski9s@blog.com,Female,jugovzhodna Slovenija
354,Anett,Farahar,43,afarahar9t@technorati.com,Female,savinjska
355,Lezley,Izakoff,64,lizakoff9u@usda.gov,Male,savinjska
356,Cory,Soot,68,csoot9v@ycombinator.com,Male,koroska
357,Kassi,Daly,24,kdaly9w@dailymail.co.uk,Female,jugovzhodna Slovenija
358,Cara,Tucknott,55,ctucknott9x@cnbc.com,Female,obalno kraska
359,Elnar,Spedding,66,espedding9y@dot.gov,Male,koroska
360,Sherry,McMenamy,29,smcmenamy9z@nifty.com,Female,koroska
361,Hunter,Pouck,59,hpoucka0@google.pl,Genderfluid,koroska
362,Wang,Minchindon,66,wminchindona1@msn.com,Male,savinjska
363,Kassie,Dyball,30,kdyballa2@squarespace.com,Agender,zasavska
364,Humfrid,Stockwell,66,hstockwella3@newyorker.com,Male,pomurska
365,Nyssa,Wakes,33,nwakesa4@npr.org,Female,gorenjska
366,Delmer,Grigorian,69,dgrigoriana5@spotify.com,Male,goriska
367,Ben,Gallico,16,bgallicoa6@comsenz.com,Male,gorenjska
368,Chelsae,Pearman,52,cpearmana7@1und1.de,Female,obalno kraska
369,Adel,Ciepluch,21,acieplucha8@biblegateway.com,Female,osrednjeslovenska
370,Lucius,Fakeley,32,lfakeleya9@de.vu,Male,pomurska
371,Alessandra,Higbin,47,ahigbinaa@columbia.edu,Female,savinjska
372,Sky,Hunnaball,68,shunnaballab@salon.com,Male,goriska
373,Waly,Abrahm,30,wabrahmac@samsung.com,Female,pomurska
374,Giraldo,Antonietti,41,gantoniettiad@live.com,Male,koroska
375,Glenna,Dart,69,gdartae@epa.gov,Female,savinjska
376,Fergus,Pristnor,39,fpristnoraf@arstechnica.com,Male,pomurska
377,Ewart,Kohnen,21,ekohnenag@51.la,Male,koroska
378,Drona,Knappett,20,dknappettah@altervista.org,Female,gorenjska
379,Janek,Pearton,40,jpeartonai@free.fr,Male,savinjska
380,Theodora,Gowanlock,38,tgowanlockaj@unblog.fr,Female,obalno kraska
381,Pia,Corkell,58,pcorkellak@ucla.edu,Female,jugovzhodna Slovenija
382,Willis,Gilston,50,wgilstonal@phoca.cz,Male,goriska
383,Conchita,Leyshon,44,cleyshonam@hibu.com,Female,osrednjeslovenska
384,Alejoa,Turner,63,aturneran@constantcontact.com,Male,podravska
385,Ruy,Dehm,30,rdehmao@economist.com,Male,savinjska
386,Arlena,Varga,63,avargaap@cbsnews.com,Female,goriska
387,Sullivan,Guiden,40,sguidenaq@wisc.edu,Male,obalno kraska
388,Anson,Sandcraft,69,asandcraftar@blogtalkradio.com,Male,gorenjska
389,Fielding,Deakins,23,fdeakinsas@google.cn,Male,savinjska
390,Sara-ann,Knott,68,sknottat@ustream.tv,Female,zasavska
391,Thatcher,Attlee,57,tattleeau@soup.io,Male,posavska
392,Giffer,Snoxill,53,gsnoxillav@moonfruit.com,Male,gorenjska
393,Dall,Blackadder,53,dblackadderaw@mlb.com,Male,goriska
394,Sonja,Parrot,60,sparrotax@free.fr,Female,podravska
395,Shoshanna,Bullier,57,sbullieray@amazon.co.jp,Female,zasavska
396,Lilia,Blinckhorne,55,lblinckhorneaz@wp.com,Female,jugovzhodna Slovenija
397,Dukey,Folke,50,dfolkeb0@cafepress.com,Agender,goriska
398,Lauree,Dedney,58,ldedneyb1@angelfire.com,Female,koroska
399,Jory,Nizet,22,jnizetb2@google.com.hk,Male,savinjska
400,Ferdy,Leask,40,fleaskb3@ezinearticles.com,Male,obalno kraska
401,Codi,Fiddymont,59,cfiddymontb4@ameblo.jp,Female,osrednjeslovenska
402,Erhard,Hibbart,18,ehibbartb5@chron.com,Male,pomurska
403,Eddi,Aston,41,eastonb6@vk.com,Female,posavska
404,Laurice,Grinyakin,41,lgrinyakinb7@google.pl,Female,obalno kraska
405,Mill,Honsch,25,mhonschb8@wsj.com,Male,posavska
406,Meara,Fellows,27,mfellowsb9@dailymotion.com,Female,goriska
407,Eleonora,Pitchford,35,epitchfordba@wikispaces.com,Female,pomurska
408,Kenton,Calloway,61,kcallowaybb@cafepress.com,Male,koroska
409,Annemarie,Skoggings,57,askoggingsbc@nifty.com,Female,obalno kraska
410,Darleen,Caldecot,34,dcaldecotbd@biglobe.ne.jp,Female,savinjska
411,Stacee,Haxell,49,shaxellbe@wikimedia.org,Female,podravska
412,Brandyn,Snoxall,29,bsnoxallbf@time.com,Male,savinjska
413,Von,Baack,47,vbaackbg@linkedin.com,Male,koroska
414,Roxine,Crocombe,54,rcrocombebh@flavors.me,Female,pomurska
415,Drugi,Feighney,17,dfeighneybi@mlb.com,Male,goriska
416,Friedrick,Plaistowe,55,fplaistowebj@si.edu,Male,gorenjska
417,Wiatt,Wheelton,16,wwheeltonbk@census.gov,Male,osrednjeslovenska
418,Corabella,Trayton,52,ctraytonbl@ox.ac.uk,Female,jugovzhodna Slovenija
419,Happy,Joslin,53,hjoslinbm@ning.com,Female,posavska
420,Donelle,Tezure,33,dtezurebn@icio.us,Female,podravska
421,Jessie,Duxbury,16,jduxburybo@multiply.com,Female,jugovzhodna Slovenija
422,Friedrich,Kippax,22,fkippaxbp@npr.org,Male,zasavska
423,Arda,Illyes,20,aillyesbq@uol.com.br,Female,koroska
424,Louisa,Duchasteau,22,lduchasteaubr@miitbeian.gov.cn,Female,pomurska
425,Olav,Proudman,49,oproudmanbs@zimbio.com,Male,posavska
426,Glennis,Piccop,26,gpiccopbt@qq.com,Female,goriska
427,Brett,Kingaby,33,bkingabybu@nature.com,Male,osrednjeslovenska
428,Clemente,Preist,19,cpreistbv@paginegialle.it,Male,koroska
429,Griffie,Leece,69,gleecebw@gmpg.org,Male,posavska
430,Dennison,Millott,45,dmillottbx@gnu.org,Male,posavska
431,Alexander,Hurst,26,ahurstby@mapquest.com,Male,pomurska
432,Audra,Juares,21,ajuaresbz@4shared.com,Female,koroska
433,Ilysa,Fairfull,60,ifairfullc0@fema.gov,Female,koroska
434,Smith,Teodori,54,steodoric1@ameblo.jp,Genderqueer,osrednjeslovenska
435,Bail,Woosnam,59,bwoosnamc2@auda.org.au,Male,podravska
436,Kaylil,Widdows,37,kwiddowsc3@boston.com,Female,gorenjska
437,Franky,Bellanger,36,fbellangerc4@berkeley.edu,Male,jugovzhodna Slovenija
438,Dido,Lockton,51,dlocktonc5@surveymonkey.com,Female,obalno kraska
439,Melody,Johnke,38,mjohnkec6@webs.com,Agender,posavska
440,Reeta,Gyrgorcewicx,37,rgyrgorcewicxc7@ucoz.com,Genderqueer,gorenjska
441,Eward,Stanbro,28,estanbroc8@angelfire.com,Male,podravska
442,Cullie,Keatch,22,ckeatchc9@homestead.com,Polygender,koroska
443,Melinda,Haycock,23,mhaycockca@scribd.com,Genderfluid,savinjska
444,Emeline,Code,39,ecodecb@columbia.edu,Female,gorenjska
445,Jeni,Kilgrew,60,jkilgrewcc@yellowpages.com,Female,obalno kraska
446,Arnoldo,Cresar,51,acresarcd@newsvine.com,Male,savinjska
447,Gaylord,Grout,65,ggroutce@arstechnica.com,Male,zasavska
448,Ginelle,Bartelet,54,gbarteletcf@bravesites.com,Female,osrednjeslovenska
449,Joanna,Gynn,49,jgynncg@i2i.jp,Female,zasavska
450,Berton,Sidebotham,34,bsidebothamch@lycos.com,Male,podravska
451,Maxwell,Valentine,44,mvalentineci@vistaprint.com,Male,pomurska
452,Gustave,Parkman,57,gparkmancj@simplemachines.org,Male,jugovzhodna Slovenija
453,Shelbi,Cisson,67,scissonck@plala.or.jp,Female,jugovzhodna Slovenija
454,Nani,Mintram,16,nmintramcl@prnewswire.com,Female,osrednjeslovenska
455,Cathie,Kencott,26,ckencottcm@dot.gov,Female,posavska
456,Wakefield,Laughtisse,69,wlaughtissecn@vimeo.com,Male,goriska
457,Dav,Grinham,16,dgrinhamco@wikispaces.com,Male,obalno kraska
458,Dennis,Braunston,68,dbraunstoncp@live.com,Male,gorenjska
459,Sydney,Wollard,69,swollardcq@cdbaby.com,Male,zasavska
460,Taite,Goude,41,tgoudecr@berkeley.edu,Male,podravska
461,Carl,Mabe,59,cmabecs@cmu.edu,Male,gorenjska
462,Lotti,Breazeall,45,lbreazeallct@arstechnica.com,Female,obalno kraska
463,Burtie,Dehmel,17,bdehmelcu@artisteer.com,Male,osrednjeslovenska
464,Bev,Meneo,54,bmeneocv@ucla.edu,Male,goriska
465,Billie,Heggison,62,bheggisoncw@examiner.com,Female,koroska
466,Jaquenetta,Tongs,54,jtongscx@xrea.com,Female,savinjska
467,Dannie,Yerrall,46,dyerrallcy@aol.com,Female,podravska
468,Thorny,Gooly,19,tgoolycz@bing.com,Male,gorenjska
469,Jamesy,Bruineman,32,jbruinemand0@bloomberg.com,Male,jugovzhodna Slovenija
470,Piotr,Gowry,50,pgowryd1@forbes.com,Male,gorenjska
471,Malissa,Whale,44,mwhaled2@altervista.org,Female,gorenjska
472,Reinhard,Calverd,35,rcalverdd3@ow.ly,Male,jugovzhodna Slovenija
473,Rozalie,Gilmore,51,rgilmored4@kickstarter.com,Female,pomurska
474,Penni,Chatin,27,pchatind5@vinaora.com,Female,gorenjska
475,Shell,Robotham,70,srobothamd6@unc.edu,Male,podravska
476,Reinwald,Lester,51,rlesterd7@bloglines.com,Male,podravska
477,Orville,Herrema,49,oherremad8@tripadvisor.com,Male,obalno kraska
478,Ronald,Thody,34,rthodyd9@samsung.com,Male,jugovzhodna Slovenija
479,Mic,MacFie,31,mmacfieda@reverbnation.com,Non-binary,koroska
480,Naomi,O'Scully,67,noscullydb@bluehost.com,Genderfluid,gorenjska
481,Clayborn,Griffiths,68,cgriffithsdc@blinklist.com,Male,obalno kraska
482,Carmelia,Djekic,24,cdjekicdd@oakley.com,Female,pomurska
483,Jany,Rillstone,19,jrillstonede@sina.com.cn,Female,jugovzhodna Slovenija
484,Simonette,Seymark,54,sseymarkdf@smh.com.au,Genderqueer,koroska
485,Kendal,Matskevich,33,kmatskevichdg@vinaora.com,Male,osrednjeslovenska
486,Anestassia,Aubery,26,aauberydh@deliciousdays.com,Female,gorenjska
487,Emmy,Rodie,20,erodiedi@sciencedaily.com,Male,savinjska
488,Katha,Huey,63,khueydj@meetup.com,Female,savinjska
489,Saloma,Behrend,46,sbehrenddk@yellowbook.com,Female,koroska
490,Dietrich,Vian,31,dviandl@huffingtonpost.com,Male,pomurska
491,Raquel,Caghy,29,rcaghydm@senate.gov,Female,zasavska
492,Ruperta,Samples,43,rsamplesdn@usatoday.com,Female,posavska
493,Reena,Burdon,55,rburdondo@europa.eu,Female,posavska
494,Aliza,Pietzke,17,apietzkedp@jimdo.com,Female,savinjska
495,Tresa,Smalles,42,tsmallesdq@latimes.com,Female,obalno kraska
496,Willy,Rubbert,17,wrubbertdr@jugem.jp,Female,osrednjeslovenska
497,Samaria,Attenbrow,63,sattenbrowds@hhs.gov,Female,pomurska
498,Dido,Beddow,66,dbeddowdt@chicagotribune.com,Female,jugovzhodna Slovenija
499,Nahum,Guillotin,38,nguillotindu@comcast.net,Male,savinjska
500,Karel,Kegan,40,kkegandv@friendfeed.com,Male,gorenjska
501,Abel,Simonou,55,asimonoudw@fema.gov,Male,posavska
502,Ninnette,MacArthur,37,nmacarthurdx@eepurl.com,Female,osrednjeslovenska
503,Dimitry,Cater,23,dcaterdy@opensource.org,Male,obalno kraska
504,Rutledge,Hansemann,29,rhansemanndz@devhub.com,Male,savinjska
505,Zandra,Tapson,27,ztapsone0@uiuc.edu,Female,jugovzhodna Slovenija
506,Isabella,Dugdale,51,idugdalee1@mail.ru,Female,pomurska
507,Ulrich,Raveau,42,uraveaue2@cocolog-nifty.com,Male,zasavska
508,Boris,Trustie,24,btrustiee3@surveymonkey.com,Male,podravska
509,Basilio,Arkell,34,barkelle4@home.pl,Male,savinjska
510,Fifine,Buchett,48,fbuchette5@loc.gov,Female,obalno kraska
511,Perrine,Whylie,67,pwhyliee6@pcworld.com,Female,osrednjeslovenska
512,Gaven,Vanderplas,21,gvanderplase7@tmall.com,Male,goriska
513,Alissa,Deacock,19,adeacocke8@tuttocitta.it,Female,jugovzhodna Slovenija
514,Marie,Buckberry,49,mbuckberrye9@washingtonpost.com,Female,obalno kraska
515,Jeremiah,Cordeux,45,jcordeuxea@stanford.edu,Male,obalno kraska
516,Emile,Godard,40,egodardeb@miibeian.gov.cn,Male,jugovzhodna Slovenija
517,Bear,Galgey,52,bgalgeyec@wp.com,Male,goriska
518,Sheeree,Bruinemann,17,sbruinemanned@weebly.com,Female,koroska
519,Keene,O'Lagene,38,kolageneee@ebay.co.uk,Male,posavska
520,Harold,Pietrzyk,26,hpietrzykef@symantec.com,Male,gorenjska
521,Mahala,Bettis,61,mbettiseg@abc.net.au,Female,goriska
522,Laverne,Cadlock,69,lcadlockeh@acquirethisname.com,Female,obalno kraska
523,Esme,Burless,55,eburlessei@samsung.com,Agender,goriska
524,Powell,Ovitz,60,povitzej@state.tx.us,Male,podravska
525,Gerrie,Pere,46,gpereek@nydailynews.com,Male,zasavska
526,Ade,MacCahee,57,amaccaheeel@eepurl.com,Male,savinjska
527,Klaus,Skully,60,kskullyem@census.gov,Male,gorenjska
528,Waite,Rosengren,54,wrosengrenen@freewebs.com,Male,gorenjska
529,Simone,Lummasana,69,slummasanaeo@businessweek.com,Male,podravska
530,Findlay,Cranshaw,29,fcranshawep@rakuten.co.jp,Male,podravska
531,Horatia,Bursell,69,hburselleq@ifeng.com,Female,obalno kraska
532,Charmane,Cescon,69,ccesconer@netlog.com,Female,savinjska
533,Delphinia,Menelaws,34,dmenelawses@harvard.edu,Female,podravska
534,Emmy,Wellbank,60,ewellbanket@ox.ac.uk,Female,zasavska
535,Michaela,MacEveley,46,mmaceveleyeu@hhs.gov,Agender,koroska
536,Gypsy,Cufley,57,gcufleyev@buzzfeed.com,Female,osrednjeslovenska
537,Suzanne,McSweeney,54,smcsweeneyew@gravatar.com,Female,pomurska
538,Darya,Guerner,62,dguernerex@networksolutions.com,Female,posavska
539,Yardley,Karlmann,45,ykarlmanney@narod.ru,Genderfluid,obalno kraska
540,Ariella,Iscowitz,29,aiscowitzez@whitehouse.gov,Agender,koroska
541,Dennis,Wimpeney,70,dwimpeneyf0@whitehouse.gov,Male,zasavska
542,Hendrik,Kenninghan,39,hkenninghanf1@digg.com,Male,pomurska
543,Nikki,Standbridge,31,nstandbridgef2@360.cn,Male,koroska
544,Elton,Grinov,48,egrinovf3@usatoday.com,Male,pomurska
545,Gianni,McKenney,30,gmckenneyf4@admin.ch,Male,posavska
546,Locke,Caldeyroux,21,lcaldeyrouxf5@bloomberg.com,Male,savinjska
547,Ellyn,Borzoni,51,eborzonif6@fotki.com,Female,osrednjeslovenska
548,Kenn,Oake,23,koakef7@people.com.cn,Male,pomurska
549,Marta,Bisp,42,mbispf8@tamu.edu,Female,goriska
550,Martina,Cohr,69,mcohrf9@shareasale.com,Female,gorenjska
551,Crawford,Finlayson,32,cfinlaysonfa@cbsnews.com,Male,koroska
552,Hymie,Alaway,17,halawayfb@mashable.com,Male,podravska
553,Elvin,Bradden,16,ebraddenfc@addthis.com,Male,posavska
554,Fielding,Slarke,29,fslarkefd@wordpress.org,Male,pomurska
555,Elias,Tott,45,etottfe@reference.com,Male,goriska
556,Davida,Rudledge,38,drudledgeff@twitter.com,Female,obalno kraska
557,Neille,Beaford,57,nbeafordfg@virginia.edu,Female,osrednjeslovenska
558,Aidan,Bradbury,21,abradburyfh@loc.gov,Female,goriska
559,Roshelle,Burnsall,37,rburnsallfi@ezinearticles.com,Female,podravska
560,Pyotr,Chesshire,49,pchesshirefj@hubpages.com,Male,obalno kraska
561,Doy,Jales,21,djalesfk@soup.io,Male,zasavska
562,See,Lax,38,slaxfl@youku.com,Male,savinjska
563,Stace,Shakespeare,40,sshakespearefm@prnewswire.com,Female,pomurska
564,Janeen,Skynner,25,jskynnerfn@theguardian.com,Genderfluid,podravska
565,Booth,Crother,48,bcrotherfo@blinklist.com,Male,posavska
566,Antone,Huortic,27,ahuorticfp@ftc.gov,Male,koroska
567,Kipper,Lenox,35,klenoxfq@google.com.au,Male,jugovzhodna Slovenija
568,Wye,Loffel,61,wloffelfr@twitter.com,Male,jugovzhodna Slovenija
569,Tomas,Iltchev,49,tiltchevfs@businesswire.com,Male,podravska
570,Rockwell,Castagnaro,46,rcastagnaroft@slate.com,Male,pomurska
571,Nickolas,Gibbie,42,ngibbiefu@kickstarter.com,Genderqueer,goriska
572,Correna,Kempstone,18,ckempstonefv@bravesites.com,Female,posavska
573,Ajay,Bawme,28,abawmefw@ed.gov,Female,posavska
574,Chryste,Jephson,61,cjephsonfx@abc.net.au,Female,jugovzhodna Slovenija
575,Odelia,Bullivent,48,obulliventfy@soundcloud.com,Female,goriska
576,Puff,Kevlin,67,pkevlinfz@digg.com,Male,osrednjeslovenska
577,Rea,Swalwel,29,rswalwelg0@yahoo.com,Female,koroska
578,Katha,Moggan,27,kmoggang1@netlog.com,Female,zasavska
579,Radcliffe,Linneman,61,rlinnemang2@themeforest.net,Male,pomurska
580,Midge,Glayzer,63,mglayzerg3@kickstarter.com,Female,zasavska
581,Waneta,Maxwell,33,wmaxwellg4@w3.org,Polygender,koroska
582,Merola,Clamp,27,mclampg5@ifeng.com,Female,podravska
583,Stanislas,Piaggia,70,spiaggiag6@behance.net,Male,gorenjska
584,Keene,McKillop,34,kmckillopg7@shinystat.com,Male,pomurska
585,Rosina,Synder,32,rsynderg8@cbc.ca,Female,goriska
586,Francesco,Hallybone,50,fhallyboneg9@cdbaby.com,Male,posavska
587,Waite,Tremathick,67,wtremathickga@newyorker.com,Male,obalno kraska
588,Irvin,Sygroves,63,isygrovesgb@shareasale.com,Male,podravska
589,Lev,Kilalea,26,lkilaleagc@hatena.ne.jp,Male,obalno kraska
590,Duff,Laviste,54,dlavistegd@irs.gov,Male,zasavska
591,Roobbie,Figgs,46,rfiggsge@people.com.cn,Female,zasavska
592,Fifi,Ghidetti,17,fghidettigf@tinyurl.com,Female,savinjska
593,Natty,Farbrace,70,nfarbracegg@japanpost.jp,Male,osrednjeslovenska
594,Kristyn,Shovlin,54,kshovlingh@dailymail.co.uk,Female,koroska
595,Robina,Oddy,66,roddygi@youtu.be,Female,podravska
596,Amber,Brimblecombe,48,abrimblecombegj@domainmarket.com,Female,zasavska
597,Dela,Walthew,36,dwalthewgk@china.com.cn,Female,goriska
598,Henderson,Donaway,32,hdonawaygl@tiny.cc,Male,osrednjeslovenska
599,Hube,Kersting,43,hkerstinggm@usda.gov,Polygender,obalno kraska
600,Nerti,Gooder,56,ngoodergn@ow.ly,Female,jugovzhodna Slovenija
601,Valentin,Lodeke,26,vlodekego@google.fr,Genderqueer,jugovzhodna Slovenija
602,Morena,Olliar,45,molliargp@ocn.ne.jp,Female,savinjska
603,Gawen,Pethrick,68,gpethrickgq@weibo.com,Male,posavska
604,Ellie,Sabben,52,esabbengr@narod.ru,Female,jugovzhodna Slovenija
605,Petronella,Harrie,30,pharriegs@tripod.com,Female,koroska
606,Hedvige,Boame,42,hboamegt@imdb.com,Female,podravska
607,Leighton,Quail,48,lquailgu@infoseek.co.jp,Male,pomurska
608,Kelly,Sandars,46,ksandarsgv@icq.com,Male,koroska
609,Jeane,Ingree,39,jingreegw@guardian.co.uk,Genderfluid,koroska
610,Baudoin,Casham,38,bcashamgx@tripod.com,Male,gorenjska
611,Irita,Suero,49,isuerogy@bbc.co.uk,Female,obalno kraska
612,Annis,Rowler,39,arowlergz@mozilla.com,Female,koroska
613,Jorgan,Anetts,45,janettsh0@paypal.com,Male,savinjska
614,Siffre,Penzer,29,spenzerh1@google.es,Male,osrednjeslovenska
615,Munmro,Kidder,26,mkidderh2@biblegateway.com,Male,gorenjska
616,West,Manns,64,wmannsh3@hostgator.com,Male,savinjska
617,Terrence,Raft,50,trafth4@bbc.co.uk,Male,savinjska
618,Drucie,Ferrey,52,dferreyh5@aboutads.info,Female,savinjska
619,Charlotta,Slowgrave,67,cslowgraveh6@umn.edu,Female,koroska
620,Jessie,Vanin,65,jvaninh7@techcrunch.com,Female,posavska
621,Alard,Scroxton,39,ascroxtonh8@dailymotion.com,Male,goriska
622,Justinn,Heinecke,48,jheineckeh9@ycombinator.com,Female,koroska
623,Bobinette,Gauchier,24,bgauchierha@altervista.org,Female,zasavska
624,Seamus,Mixer,60,smixerhb@amazon.co.uk,Male,posavska
625,Debi,Have,43,dhavehc@live.com,Polygender,gorenjska
626,Brand,Reightley,20,breightleyhd@bbb.org,Male,goriska
627,Selene,Galvin,65,sgalvinhe@goodreads.com,Female,koroska
628,Jaquith,Luthwood,42,jluthwoodhf@ehow.com,Female,posavska
629,Alphonse,Hellard,38,ahellardhg@independent.co.uk,Male,podravska
630,Jarid,Flanders,55,jflandershh@chicagotribune.com,Male,posavska
631,Annaliese,Ullett,23,aulletthi@ezinearticles.com,Female,osrednjeslovenska
632,Etheline,Ferrucci,56,eferruccihj@telegraph.co.uk,Female,gorenjska
633,Candy,Tirrey,47,ctirreyhk@flavors.me,Female,osrednjeslovenska
634,Jerri,Satch,60,jsatchhl@creativecommons.org,Male,savinjska
635,Louisa,De Hoogh,29,ldehooghhm@istockphoto.com,Female,obalno kraska
636,Roseanna,Rustich,62,rrustichhn@ucla.edu,Female,zasavska
637,Beryle,Wiggall,39,bwiggallho@blog.com,Female,pomurska
638,Allix,Proppers,62,aproppershp@walmart.com,Female,posavska
639,Wilhelmina,Libby,54,wlibbyhq@army.mil,Bigender,podravska
640,Daron,Yirrell,39,dyirrellhr@ameblo.jp,Agender,jugovzhodna Slovenija
641,Feliza,Edgeley,55,fedgeleyhs@dyndns.org,Female,pomurska
642,Lorita,Gurrado,66,lgurradoht@goo.ne.jp,Agender,posavska
643,Tommy,Elson,21,telsonhu@va.gov,Female,obalno kraska
644,Josephina,Julian,25,jjulianhv@slideshare.net,Female,goriska
645,Bucky,Vasyutichev,33,bvasyutichevhw@upenn.edu,Male,gorenjska
646,Bryon,Giovanni,58,bgiovannihx@1und1.de,Genderfluid,savinjska
647,Marion,Duthie,53,mduthiehy@unesco.org,Female,posavska
648,Celestia,Wrates,61,cwrateshz@shareasale.com,Agender,obalno kraska
649,Laurens,Sherbourne,29,lsherbournei0@blogs.com,Male,osrednjeslovenska
650,Allie,Curnnok,38,acurnnoki1@mail.ru,Male,koroska
651,Florry,Kidds,44,fkiddsi2@reference.com,Bigender,goriska
652,Jaclin,Stovin,37,jstovini3@biglobe.ne.jp,Bigender,posavska
653,Linus,Wethers,44,lwethersi4@stumbleupon.com,Agender,posavska
654,Matias,Dallow,64,mdallowi5@icq.com,Male,zasavska
655,Rebekkah,Ledur,64,rleduri6@china.com.cn,Female,gorenjska
656,Raven,Watkinson,46,rwatkinsoni7@homestead.com,Female,jugovzhodna Slovenija
657,Ara,Colisbe,48,acolisbei8@tmall.com,Male,jugovzhodna Slovenija
658,Tabatha,Riccioppo,50,triccioppoi9@theatlantic.com,Female,obalno kraska
659,Torrie,Behrens,28,tbehrensia@hugedomains.com,Female,obalno kraska
660,Glynis,Bowker,54,gbowkerib@arstechnica.com,Female,podravska
661,Nathanial,Dundendale,55,ndundendaleic@sina.com.cn,Male,podravska
662,Caesar,Bedow,50,cbedowid@google.com.br,Male,obalno kraska
663,Judas,Jasper,32,jjasperie@seattletimes.com,Male,gorenjska
664,Skell,Parslow,17,sparslowif@tripod.com,Male,savinjska
665,Libby,Fordham,59,lfordhamig@comsenz.com,Female,savinjska
666,Pasquale,Auchinleck,29,pauchinleckih@blogspot.com,Male,gorenjska
667,Denny,Greenshiels,28,dgreenshielsii@livejournal.com,Male,obalno kraska
668,Clayborn,Kunze,26,ckunzeij@t-online.de,Male,savinjska
669,Danie,Fitzpatrick,45,dfitzpatrickik@techcrunch.com,Male,jugovzhodna Slovenija
670,Elyn,Swainsbury,17,eswainsburyil@de.vu,Female,zasavska
671,Charline,Kubyszek,31,ckubyszekim@t.co,Female,osrednjeslovenska
672,Baxie,Penberthy,21,bpenberthyin@ovh.net,Genderfluid,koroska
673,Dyane,Woodward,68,dwoodwardio@yellowbook.com,Female,koroska
674,Meade,Stoffel,38,mstoffelip@goodreads.com,Female,posavska
675,Caryl,Diviny,18,cdivinyiq@sbwire.com,Female,koroska
676,Dulce,Mansel,35,dmanselir@people.com.cn,Female,podravska
677,Thatcher,Cannell,61,tcannellis@foxnews.com,Male,jugovzhodna Slovenija
678,Nixie,Madgewick,42,nmadgewickit@jugem.jp,Female,goriska
679,Andriette,Prium,33,apriumiu@fotki.com,Female,posavska
680,Fabien,Weekes,29,fweekesiv@bloglovin.com,Male,jugovzhodna Slovenija
681,Elsy,Bush,17,ebushiw@java.com,Female,osrednjeslovenska
682,Gail,Yarker,67,gyarkerix@blog.com,Male,pomurska
683,Immanuel,Pfeffel,25,ipfeffeliy@infoseek.co.jp,Male,savinjska
684,Ferguson,Bridgewood,46,fbridgewoodiz@fc2.com,Male,jugovzhodna Slovenija
685,Karlee,Serchwell,22,kserchwellj0@exblog.jp,Female,zasavska
686,Tilly,Cadding,39,tcaddingj1@wunderground.com,Female,osrednjeslovenska
687,Vlad,MacAndie,53,vmacandiej2@imgur.com,Male,zasavska
688,Johnathan,Rontree,67,jrontreej3@nasa.gov,Male,gorenjska
689,Corly,Szanto,66,cszantoj4@scribd.com,Female,osrednjeslovenska
690,Ulrick,Storre,62,ustorrej5@accuweather.com,Male,zasavska
691,Lindi,Dugdale,31,ldugdalej6@pinterest.com,Female,koroska
692,Inigo,Broadhead,36,ibroadheadj7@blogtalkradio.com,Male,jugovzhodna Slovenija
693,Rosalie,Lack,70,rlackj8@studiopress.com,Female,podravska
694,Leif,De Filippi,50,ldefilippij9@blogspot.com,Male,obalno kraska
695,Lyle,Piris,57,lpirisja@cbsnews.com,Male,goriska
696,Claire,Darrel,65,cdarreljb@china.com.cn,Male,posavska
697,Glenna,Sporgeon,38,gsporgeonjc@typepad.com,Female,pomurska
698,Moses,Aspy,59,maspyjd@hao123.com,Male,zasavska
699,Cyndie,Tofts,21,ctoftsje@storify.com,Female,goriska
700,Torrin,Milier,18,tmilierjf@who.int,Male,savinjska
701,Meade,Eckly,30,mecklyjg@t.co,Female,osrednjeslovenska
702,Fredrika,Toffoloni,42,ftoffolonijh@usa.gov,Female,goriska
703,Ebba,Killough,57,ekilloughji@hp.com,Female,koroska
704,Wilie,Bubbear,44,wbubbearjj@ed.gov,Female,pomurska
705,Noby,Agus,34,nagusjk@fastcompany.com,Male,obalno kraska
706,Alfie,Buttriss,48,abuttrissjl@furl.net,Male,koroska
707,Jade,Greenlees,56,jgreenleesjm@wiley.com,Female,gorenjska
708,Corrie,Sainz,57,csainzjn@altervista.org,Female,savinjska
709,Lanette,Doe,45,ldoejo@nature.com,Female,jugovzhodna Slovenija
710,Lazaro,Diddams,25,ldiddamsjp@merriam-webster.com,Male,posavska
711,Catarina,Willoughby,32,cwilloughbyjq@ehow.com,Female,gorenjska
712,Christean,Livingston,16,clivingstonjr@mapy.cz,Polygender,savinjska
713,Jeremie,Veryan,19,jveryanjs@unc.edu,Male,osrednjeslovenska
714,Danna,Smale,25,dsmalejt@cafepress.com,Female,posavska
715,Truman,Dobrovolny,32,tdobrovolnyju@gizmodo.com,Male,podravska
716,Lethia,Jewar,49,ljewarjv@harvard.edu,Female,koroska
717,Claudelle,Kristoffersson,48,ckristofferssonjw@toplist.cz,Female,obalno kraska
718,Anet,Adney,53,aadneyjx@ow.ly,Female,obalno kraska
719,Ericha,Markushkin,30,emarkushkinjy@washington.edu,Female,zasavska
720,Auberta,Belle,49,abellejz@hugedomains.com,Female,obalno kraska
721,Danielle,Tokley,52,dtokleyk0@discovery.com,Female,savinjska
722,Robbie,Winterburn,41,rwinterburnk1@google.com.br,Female,goriska
723,Angus,Santarelli,37,asantarellik2@csmonitor.com,Male,savinjska
724,Trent,Mabbs,54,tmabbsk3@springer.com,Male,posavska
725,Diana,Langmead,20,dlangmeadk4@paginegialle.it,Female,osrednjeslovenska
726,Shoshanna,Dmitr,70,sdmitrk5@tamu.edu,Female,pomurska
727,Isabel,Boorn,18,iboornk6@tinyurl.com,Female,posavska
728,Claybourne,Behnecken,41,cbehneckenk7@mozilla.org,Male,gorenjska
729,Faber,Prevett,51,fprevettk8@go.com,Male,goriska
730,Vivyanne,Stayte,42,vstaytek9@hubpages.com,Genderqueer,obalno kraska
731,Fernando,Gwinnett,60,fgwinnettka@usatoday.com,Male,jugovzhodna Slovenija
732,Uri,Shelper,18,ushelperkb@bing.com,Male,pomurska
733,Sallyann,Tod,49,stodkc@opensource.org,Non-binary,jugovzhodna Slovenija
734,Heloise,Brockington,51,hbrockingtonkd@yellowpages.com,Female,jugovzhodna Slovenija
735,Marjory,Halpin,58,mhalpinke@bandcamp.com,Female,koroska
736,Marcelo,Hazart,32,mhazartkf@prnewswire.com,Male,pomurska
737,Stacee,Heare,48,shearekg@timesonline.co.uk,Male,posavska
738,Cy,Shelmerdine,43,cshelmerdinekh@fc2.com,Male,obalno kraska
739,Mab,O'Connell,62,moconnellki@sfgate.com,Female,savinjska
740,Bevan,Bogue,70,bboguekj@geocities.com,Male,gorenjska
741,Demetris,Bourner,44,dbournerkk@buzzfeed.com,Female,osrednjeslovenska
742,Ainslee,FitzGibbon,62,afitzgibbonkl@geocities.com,Female,obalno kraska
743,Holly,Corre,29,hcorrekm@geocities.jp,Female,gorenjska
744,Kathleen,MacCaffrey,62,kmaccaffreykn@dedecms.com,Female,osrednjeslovenska
745,Ardyce,Marrison,46,amarrisonko@csmonitor.com,Female,gorenjska
746,Dael,Gourley,47,dgourleykp@businessinsider.com,Male,podravska
747,Karel,Penwell,51,kpenwellkq@ustream.tv,Male,gorenjska
748,Ynez,Macy,47,ymacykr@seattletimes.com,Female,podravska
749,Correna,Tebbs,28,ctebbsks@webmd.com,Female,jugovzhodna Slovenija
750,Kory,Poyle,69,kpoylekt@npr.org,Male,savinjska
751,Rhodie,Hubber,42,rhubberku@house.gov,Female,jugovzhodna Slovenija
752,Davidde,Kevis,29,dkeviskv@indiegogo.com,Male,pomurska
753,Lorelle,O'Duilleain,43,loduilleainkw@com.com,Female,gorenjska
754,Charlton,Stuchberry,39,cstuchberrykx@smh.com.au,Male,podravska
755,Stafani,Sharvill,27,ssharvillky@hao123.com,Female,posavska
756,Holli,Glancy,59,hglancykz@w3.org,Female,obalno kraska
757,Aurelia,Chattington,52,achattingtonl0@imdb.com,Female,goriska
758,Ophelia,Hadye,30,ohadyel1@histats.com,Female,jugovzhodna Slovenija
759,Morly,Laytham,56,mlaythaml2@cargocollective.com,Male,gorenjska
760,Timothee,Rosenfrucht,65,trosenfruchtl3@tinyurl.com,Male,jugovzhodna Slovenija
761,Harmon,McGarel,59,hmcgarell4@liveinternet.ru,Male,jugovzhodna Slovenija
762,Whittaker,Winterson,45,wwintersonl5@nytimes.com,Male,gorenjska
763,Fanya,Joliffe,33,fjoliffel6@google.co.uk,Female,savinjska
764,Griffie,Camoys,26,gcamoysl7@blogspot.com,Genderfluid,koroska
765,Brande,Dinnis,26,bdinnisl8@bbc.co.uk,Female,gorenjska
766,Patrick,Kinmond,60,pkinmondl9@admin.ch,Male,koroska
767,Orelle,Gerrelts,23,ogerreltsla@studiopress.com,Genderqueer,koroska
768,Ezechiel,Miell,63,emielllb@jalbum.net,Male,koroska
769,Stanwood,Fancutt,67,sfancuttlc@123-reg.co.uk,Male,jugovzhodna Slovenija
770,Leonardo,Blasius,19,lblasiusld@exblog.jp,Polygender,savinjska
771,Angelique,Giannazzi,63,agiannazzile@toplist.cz,Female,savinjska
772,Gracia,Trahar,58,gtraharlf@rakuten.co.jp,Female,gorenjska
773,Elna,Gosneye,27,egosneyelg@goodreads.com,Female,koroska
774,Rosie,Rehn,48,rrehnlh@meetup.com,Female,posavska
775,Corabelle,Sieb,21,csiebli@sciencedaily.com,Female,koroska
776,Mayor,Folks,36,mfolkslj@storify.com,Male,jugovzhodna Slovenija
777,Phillida,Dalliwatr,57,pdalliwatrlk@ezinearticles.com,Female,obalno kraska
778,Gayle,Kinnaird,70,gkinnairdll@w3.org,Female,koroska
779,June,Itzkovich,55,jitzkovichlm@admin.ch,Female,obalno kraska
780,Hollis,Weitzel,16,hweitzelln@nymag.com,Male,savinjska
781,Izaak,Verring,67,iverringlo@state.gov,Male,pomurska
782,Niels,Lockart,52,nlockartlp@home.pl,Male,pomurska
783,Aggi,Gladtbach,55,agladtbachlq@wikipedia.org,Female,goriska
784,Abba,Kilfeder,68,akilfederlr@google.de,Male,koroska
785,Berne,d' Eye,50,bdeyels@virginia.edu,Genderfluid,jugovzhodna Slovenija
786,Manuel,Lanning,30,mlanninglt@archive.org,Male,zasavska
787,Catherin,Durant,44,cdurantlu@toplist.cz,Female,gorenjska
788,Ilsa,Tompkiss,45,itompkisslv@unc.edu,Polygender,goriska
789,Fonzie,Swiffin,64,fswiffinlw@ucla.edu,Male,savinjska
790,Marilin,Whisker,18,mwhiskerlx@github.com,Female,savinjska
791,Gery,Maddinon,65,gmaddinonly@nps.gov,Male,podravska
792,Keriann,Blenkiron,49,kblenkironlz@multiply.com,Female,jugovzhodna Slovenija
793,Orin,Eady,34,oeadym0@jigsy.com,Male,goriska
794,Ally,Jerrans,50,ajerransm1@wunderground.com,Female,savinjska
795,Francene,Hacker,68,fhackerm2@irs.gov,Bigender,podravska
796,Sunny,Mart,63,smartm3@lycos.com,Female,goriska
797,Hasheem,Warby,67,hwarbym4@godaddy.com,Male,gorenjska
798,Adan,Earengey,31,aearengeym5@seesaa.net,Male,gorenjska
799,Fancie,Decaze,46,fdecazem6@intel.com,Female,obalno kraska
800,Gaven,Epple,69,gepplem7@furl.net,Non-binary,koroska